<?xml version="1.0" encoding="UTF-8"?>
<metadata xml:lang="en"><Esri><CreaDate>20181002</CreaDate><CreaTime>11133100</CreaTime><ArcGISFormat>1.0</ArcGISFormat><ArcGISstyle>FGDC CSDGM Metadata</ArcGISstyle><SyncOnce>TRUE</SyncOnce><DataProperties><lineage><Process ToolSource="c:\program files (x86)\arcgis\desktop10.4\ArcToolbox\Toolboxes\Data Management Tools.tbx\RepairGeometry" Date="20181002" Time="110750">RepairGeometry texas_districts_1882_v3 DELETE_NULL</Process><Process ToolSource="c:\program files (x86)\arcgis\desktop10.4\ArcToolbox\Toolboxes\Data Management Tools.tbx\AddSpatialIndex" Date="20181002" Time="111153">AddSpatialIndex texas_districts_1882_v3 0 0 0</Process><Process ToolSource="c:\program files (x86)\arcgis\desktop10.4\ArcToolbox\Toolboxes\Data Management Tools.tbx\CalculateField" Date="20190925" Time="123633">CalculateField texas_districts_1882_v4 EstADAIn [Est_ADA_In] VB #</Process><Process ToolSource="c:\program files (x86)\arcgis\desktop10.4\ArcToolbox\Toolboxes\Data Management Tools.tbx\CalculateField" Date="20190925" Time="123643">CalculateField texas_districts_1882_v4 EstADAIn [Est_ADA_In] VB #</Process><Process ToolSource="c:\program files (x86)\arcgis\desktop10.4\ArcToolbox\Toolboxes\Data Management Tools.tbx\CalculateField" Date="20190925" Time="123959">CalculateField texas_districts_1882_v4 EstADAIn [Est_ADA_In] VB #</Process></lineage></DataProperties></Esri></metadata>
